Dataset,Status,Model,#Problem,Accuracy,,,,Train Time,,,Average Memory,,
,,,,Original(%),AT(%),Improve(%),Ratio,Original(s),AT(s),Ratio,Original(MB),AT(MB),Ratio
Blob,Repaired,1,1,49.67,81.67,32.00,1.64 ,9.17,24.34,2.65,1315.99,1316.16,1.00
,,2,1,35.67,82.33,46.67,2.31 ,8.15,38.19,4.69,1574.95,1575.22,1.00
,,3,2,65.00,78.67,13.67,1.21 ,10.50,25.77,2.45,1245.90,1245.93,1.00
,,4,2,82.33,83.00,0.67,1.01,11.16,25.05,2.24,1279.60,1278.32,1.00
,,5,1,35.67,74.00,38.33,2.07,6.78,21.58,3.18,1578.95,1579.06,1.00
,,6,1,39.00,83.33,44.33,2.14,4.53,16.18,3.57,1561.95,1563.70,1.00
,,7,1,53.00,81.00,28.00,1.53,21.00,33.04,1.57,1575.69,1582.19,1.00
,,8,1,82.00,84.00,2.00,1.02,12.24,19.58,1.60,1269.64,1269.65,1.00
,,9,1,33.33,35.67,2.33,1.07,36.07,92.99,2.58,1552.70,1551.70,1.00
,,10,1,82.00,80.67,-1.33,0.98,10.17,18.56,1.82,1191.82,1200.82,1.01
,,11,1,35.67,83.00,47.33,2.33,6.46,25.82,4.00,1566.95,1570.45,1.00
,,12,1,63.00,81.00,18.00,1.29,6.02,12.29,2.04,1269.59,1269.61,1.00
,,13,1,85.00,81.67,-3.33,0.96,22.26,43.99,1.98,1564.45,1564.45,1.00
,,14,1,63.33,80.67,17.33,1.27,16.06,30.08,1.87,1252.07,1261.15,1.01
,,15,2,63.67,79.67,16.00,1.25,16.61,41.07,2.47,1179.93,1190.89,1.01
,,16,1,85.33,82.67,-2.67,0.97,31.06,65.06,2.09,1554.12,1552.32,1.00
,,17,1,65.00,83.67,18.67,1.29,11.82,23.55,1.99,1269.05,1268.99,1.00
,,18,2,54.00,83.00,29.00,1.54,31.00,71.21,2.30,1252.12,1252.15,1.00
,,19,1,39.33,79.67,40.33,2.03,4.94,15.44,3.12,1572.70,1572.70,1.00
,,20,1,40.33,82.33,42.00,2.04,14.74,28.86,1.96,1554.17,1558.01,1.00
,,21,1,39.00,80.00,41.00,2.05,5.13,15.62,3.04,1561.20,1561.20,1.00
,,22,2,64.67,81.33,16.67,1.26,15.31,41.09,2.68,1244.95,1245.29,1.00
,,23,2,78.67,84.67,6.00,1.08,7.54,17.49,2.32,1279.53,1279.55,1.00
,,24,1,54.33,82.00,27.67,1.51,22.50,40.65,1.81,1269.67,1268.62,1.00
,,25,2,78.33,84.67,6.33,1.08,7.71,18.27,2.37,1248.31,1248.41,1.00
,,26,1,53.00,71.67,18.67,1.35,5.88,13.38,2.28,1574.19,1574.19,1.00
,,27,1,66.33,81.33,15.00,1.23,12.02,21.17,1.76,1187.14,1193.74,1.01
,,28,2,65.33,81.33,16.00,1.24,19.81,53.69,2.71,1248.38,1248.89,1.00
,,29,1,65.00,81.33,16.33,1.25,12.05,20.98,1.74,1268.85,1268.88,1.00
,,30,1,32.00,79.67,47.67,2.49,12.46,22.53,1.81,1278.39,1278.40,1.00
,,31,1,69.00,82.33,13.33,1.19,39.66,68.62,1.73,1269.09,1269.11,1.00
,,32,1,50.33,59.33,9.00,1.18,11.26,25.46,2.26,1303.80,1291.99,0.99
,,33,1,50.33,80.33,30.00,1.60,9.24,20.61,2.23,1322.56,1322.56,1.00
,,34,2,75.00,69.00,-6.00,0.92,13.34,125.11,9.38,1320.49,1319.74,1.00
,,35,1,35.67,82.67,47.00,2.32,10.43,23.27,2.23,1565.45,1565.45,1.00
,,36,2,32.67,85.67,53.00,2.62,6.67,17.76,2.66,1250.56,1250.61,1.00
,,37,2,66.33,75.33,9.00,1.14,6.63,19.28,2.91,1253.54,1252.77,1.00
,,38,1,58.33,79.67,21.33,1.37,7.44,18.64,2.50,1251.07,1251.14,1.00
,,39,1,80.67,86.33,5.67,1.07,18.74,28.12,1.50,1269.19,1269.25,1.00
,,40,1,35.67,83.67,48.00,2.35,17.66,61.35,3.47,1567.50,1565.45,1.00
,,41,1,39.00,80.00,41.00,2.05,5.33,16.81,3.15,1559.95,1560.45,1.00
,,42,1,10.33,83.00,72.67,8.03,6.19,11.45,1.85,1239.07,1239.25,1.00
,,43,1,39.00,81.33,42.33,2.09,17.21,30.56,1.78,1576.20,1576.20,1.00
,,44,2,75.00,85.33,10.33,1.14,8.89,23.01,2.59,1260.27,1260.35,1.00
,,45,1,20.33,82.33,62.00,4.05,18.53,44.35,2.39,1580.68,1571.75,0.99
,,46,1,35.67,70.33,34.67,1.97,7.68,20.83,2.71,1561.21,1561.46,1.00
,,47,1,60.33,81.67,21.33,1.35,11.09,20.77,1.87,1246.35,1246.46,1.00
,,48,1,49.67,81.33,31.67,1.64,13.35,23.58,1.77,1315.86,1316.80,1.00
,,49,1,20.33,82.00,61.67,4.03,7.56,20.65,2.73,1556.71,1556.71,1.00
,,50,1,30.67,82.67,52.00,2.70,15.19,34.27,2.26,1576.39,1577.93,1.00
,,51,1,82.00,83.67,1.67,1.02,8.31,14.73,1.77,1279.30,1279.73,1.00
,,52,1,40.33,78.67,38.33,1.95,17.99,24.03,1.34,1550.91,1554.17,1.00
,,53,1,52.00,81.00,29.00,1.56,39.23,56.30,1.44,1573.45,1574.70,1.00
,,54,1,35.67,35.67,0.00,1.00,5.70,30.02,5.27,1573.95,1573.95,1.00
,,55,1,83.33,85.00,1.67,1.02,22.51,41.44,1.84,1270.59,1269.54,1.00
,,56,1,12.67,85.00,72.33,6.71,16.67,29.16,1.75,1270.00,1270.01,1.00
,,57,1,40.00,82.67,42.67,2.07,17.28,31.87,1.84,1575.34,1574.95,1.00
,,58,1,35.67,81.00,45.33,2.27,8.23,40.99,4.98,1573.70,1573.95,1.00
,,59,1,59.00,80.00,21.00,1.36,13.41,23.75,1.77,1157.88,1174.61,1.01
,,60,1,49.67,80.67,31.00,1.62,14.03,36.13,2.58,1318.41,1318.86,1.00
,,61,1,82.33,84.33,2.00,1.02,15.75,26.89,1.71,1269.46,1269.59,1.00
,,62,1,82.33,84.00,1.67,1.02,31.73,50.21,1.58,1268.69,1268.72,1.00
,,63,2,63.67,81.33,17.67,1.28,9.27,23.18,2.50,1252.82,1252.83,1.00
,,64,1,49.67,84.67,35.00,1.70,11.25,23.16,2.06,1315.30,1314.55,1.00
,,65,2,68.33,83.33,15.00,1.22,7.08,18.93,2.67,1156.65,1168.09,1.01
,,66,2,30.00,84.67,54.67,2.82,5.96,16.53,2.77,1269.70,1269.75,1.00
,,67,1,13.67,85.00,71.33,6.22,11.06,31.02,2.81,1191.42,1207.08,1.01
,,68,1,50.33,82.67,32.33,1.64,12.99,30.99,2.39,1282.06,1258.63,0.98
,,69,1,51.33,82.67,31.33,1.61,7.91,35.12,4.44,1560.70,1562.20,1.00
,,70,2,35.67,85.67,50.00,2.40,4.88,55.08,11.29,1563.95,1564.45,1.00
,,71,1,84.00,84.33,0.33,1.00,9.59,16.27,1.70,1270.04,1269.91,1.00
,,72,1,40.33,71.67,31.33,1.78,5.82,15.03,2.58,1573.69,1573.69,1.00
,,73,1,49.67,78.67,29.00,1.58,11.35,25.73,2.27,1316.07,1308.97,0.99
,,74,2,30.67,53.33,22.67,1.74,33.70,234.39,6.96,1541.92,1540.98,1.00
,,75,1,55.67,85.33,29.67,1.53,10.28,17.86,1.74,1269.92,1269.95,1.00
,,76,1,49.67,62.00,12.33,1.25,10.94,19.91,1.82,1316.39,1316.14,1.00
,,77,3,30.67,83.33,52.67,2.72,15.86,586.63,36.98,1564.95,1565.12,1.00
,,78,1,39.00,80.67,41.67,2.07,9.37,18.70,1.99,1574.14,1573.92,1.00
,,79,1,82.33,83.33,1.00,1.01,14.77,24.07,1.63,1269.06,1269.08,1.00
,,80,1,28.33,56.33,28.00,1.99,6.61,13.71,2.07,1239.86,1239.99,1.00
,,81,1,62.00,79.33,17.33,1.28,9.45,17.92,1.90,1269.93,1269.94,1.00
,,82,1,49.67,84.33,34.67,1.70,9.96,19.24,1.93,1318.30,1318.30,1.00
,,83,2,61.00,85.33,24.33,1.40,15.53,35.46,2.28,1253.36,1253.47,1.00
,,84,1,40.67,82.33,41.67,2.02,11.65,20.07,1.72,1572.95,1572.95,1.00
,,85,1,46.67,83.33,36.67,1.79,33.05,45.95,1.39,1565.00,1565.21,1.00
,,86,2,33.67,81.00,47.33,2.41,7.51,116.74,15.54,1561.20,1561.20,1.00
,,87,1,82.67,84.33,1.67,1.02,8.95,17.22,1.92,1215.85,1227.01,1.01
,,88,1,82.00,83.33,1.33,1.02,8.66,14.39,1.66,1270.30,1270.48,1.00
,,89,2,67.67,80.67,13.00,1.19,30.41,66.71,2.19,1225.60,1225.91,1.00
,,90,1,35.67,81.33,45.67,2.28,16.96,34.56,2.04,1564.70,1566.21,1.00
,,91,2,53.67,80.00,26.33,1.49,6.94,20.15,2.90,1249.28,1249.38,1.00
,,92,1,40.00,74.67,34.67,1.87,9.61,18.77,1.95,1269.95,1269.97,1.00
,Failed,93,1,33.67,33.67,0.00,1.00,16.03,109.56,6.84,1576.94,1574.19,1.00
,,94,1,33.67,33.67,0.00,1.00,6.89,86.64,12.57,1574.70,1573.95,1.00
,Normal,95,-,50.67,50.67,0.00,1.00,15.61,17.74,1.14,1505.91,1486.04,0.99
,,96,-,45.67,45.67,0.00,1.00,15.71,16.94,1.08,1514.26,1509.71,1.00
,,97,-,74.67,74.67,0.00,1.00,25.05,24.15,0.96,1541.50,1533.46,0.99
,,98,-,84.67,84.67,0.00,1.00,14.63,15.68,1.07,1543.54,1543.53,1.00
,,99,-,84.00,84.00,0.00,1.00,15.43,16.75,1.09,1545.98,1543.23,1.00
,,100,-,82.67,82.67,0.00,1.00,18.44,21.52,1.17,1558.13,1550.99,1.00
,,101,-,82.67,82.67,0.00,1.00,24.93,25.97,1.04,1556.95,1556.95,1.00
,,102,-,84.33,84.33,0.00,1.00,26.44,29.91,1.13,1559.68,1553.82,1.00
,,103,-,83.00,83.00,0.00,1.00,9.35,9.65,1.03,1556.70,1563.41,1.00
,,104,-,84.67,84.67,0.00,1.00,13.75,14.77,1.07,1567.45,1561.71,1.00
,,105,-,80.00,80.00,0.00,1.00,29.86,32.19,1.08,1561.42,1561.70,1.00
,,106,-,83.33,83.33,0.00,1.00,17.94,19.13,1.07,1561.21,1561.20,1.00
,,107,-,81.00,81.00,0.00,1.00,11.68,11.94,1.02,1561.80,1561.21,1.00
,,108,-,83.67,83.67,0.00,1.00,12.91,13.39,1.04,1560.45,1560.70,1.00
,,109,-,81.67,81.67,0.00,1.00,9.24,9.76,1.06,1560.00,1559.95,1.00
,,110,-,83.67,83.67,0.00,1.00,13.94,15.15,1.09,1561.42,1561.21,1.00
,,111,-,83.67,83.67,0.00,1.00,16.89,17.99,1.07,1562.84,1561.21,1.00
,,112,-,46.00,46.00,0.00,1.00,27.44,29.56,1.08,1564.71,1566.46,1.00
,,113,-,81.00,81.00,0.00,1.00,12.19,13.70,1.12,1565.70,1565.70,1.00
,,114,-,84.67,84.67,0.00,1.00,17.94,20.87,1.16,1565.97,1564.45,1.00
,,115,-,52.00,52.00,0.00,1.00,10.20,10.75,1.05,1566.16,1566.70,1.00
,,116,-,62.67,62.67,0.00,1.00,18.26,19.90,1.09,1566.20,1566.20,1.00
,,117,-,82.00,82.00,0.00,1.00,16.15,17.51,1.08,1563.45,1563.95,1.00
,,118,-,84.33,84.33,0.00,1.00,14.50,15.98,1.10,1563.45,1563.45,1.00
,,119,-,30.67,30.67,0.00,1.00,10.26,11.17,1.09,1565.20,1565.20,1.00
,,120,-,84.00,84.00,0.00,1.00,9.59,10.97,1.14,1564.70,1564.70,1.00
,,121,-,83.33,83.33,0.00,1.00,20.34,23.14,1.14,1570.20,1566.45,1.00
,,122,-,69.67,69.67,0.00,1.00,10.61,12.54,1.18,1574.94,1573.69,1.00
,,123,-,84.00,84.00,0.00,1.00,30.76,31.09,1.01,1574.19,1574.19,1.00
,,124,-,82.33,82.33,0.00,1.00,19.58,21.48,1.10,1577.37,1575.94,1.00
,,125,-,83.67,83.67,0.00,1.00,10.97,12.49,1.14,1575.45,1577.45,1.00
,,126,-,61.33,61.33,0.00,1.00,10.85,11.66,1.07,1574.45,1575.45,1.00
,,127,-,83.00,83.00,0.00,1.00,24.22,26.07,1.08,1573.64,1573.89,1.00
,,128,-,83.67,83.67,0.00,1.00,10.34,11.22,1.09,1573.14,1574.89,1.00
,,129,-,81.33,81.33,0.00,1.00,17.05,17.03,1.00,1575.39,1575.39,1.00
,,130,-,72.67,72.67,0.00,1.00,9.24,10.69,1.16,1573.45,1573.45,1.00
,,131,-,81.00,81.00,0.00,1.00,16.71,17.84,1.07,1577.20,1577.02,1.00
,,132,-,83.67,83.67,0.00,1.00,17.89,19.24,1.08,1573.20,1573.20,1.00
,,133,-,83.67,83.67,0.00,1.00,11.24,12.04,1.07,1575.95,1575.95,1.00
,,134,-,82.33,82.33,0.00,1.00,18.51,20.78,1.12,1157.06,1168.35,1.01
,,135,-,82.67,82.67,0.00,1.00,23.67,27.94,1.18,1200.19,1218.10,1.01
,,136,-,82.67,82.67,0.00,1.00,18.41,20.00,1.09,1225.10,1225.49,1.00
,,137,-,84.00,84.00,0.00,1.00,17.74,19.31,1.09,1244.44,1244.59,1.00
,,138,-,83.67,83.67,0.00,1.00,21.71,26.23,1.21,1248.62,1248.66,1.00
,,139,-,84.33,84.33,0.00,1.00,9.37,10.67,1.14,1248.70,1248.64,1.00
,,140,-,85.33,85.33,0.00,1.00,11.55,14.65,1.27,1248.71,1248.72,1.00
,,141,-,82.33,82.33,0.00,1.00,22.22,25.17,1.13,1248.76,1248.78,1.00
,,142,-,83.00,83.00,0.00,1.00,9.08,9.89,1.09,1248.26,1248.30,1.00
,,143,-,82.33,82.33,0.00,1.00,20.34,25.83,1.27,1248.59,1248.75,1.00
,,144,-,83.67,83.67,0.00,1.00,9.71,11.08,1.14,1248.81,1251.47,1.00
,,145,-,33.67,33.67,0.00,1.00,12.71,15.70,1.24,1246.52,1252.06,1.00
,,146,-,82.33,82.33,0.00,1.00,12.03,14.13,1.17,1268.87,1268.81,1.00
,,147,-,83.33,83.33,0.00,1.00,24.65,27.18,1.10,1269.95,1269.98,1.00
Circle,Repaired,148,1,50.33,86.33,36.00,1.72,45.31,69.74,1.54,1314.95,1317.02,1.00
,,149,2,61.33,71.33,10.00,1.16,15.16,34.35,2.27,1241.95,1242.12,1.00
,,150,1,48.67,79.67,31.00,1.64,87.49,154.53,1.77,1357.53,1357.14,1.00
,,151,1,47.00,63.67,16.67,1.35,7.25,13.31,1.84,1256.90,1256.95,1.00
,,152,1,49.67,60.00,10.33,1.21,17.75,126.88,7.15,1321.75,1324.25,1.00
,,153,1,47.00,86.00,39.00,1.83,16.55,32.33,1.95,1359.38,1359.38,1.00
,,154,1,56.67,67.67,11.00,1.19,10.43,20.55,1.97,1161.57,1177.07,1.01
,,155,1,71.00,87.00,16.00,1.23,7.97,12.95,1.63,1268.11,1268.14,1.00
,,156,1,50.33,68.33,18.00,1.36,8.16,15.13,1.85,1358.75,1358.64,1.00
,,157,3,50.33,66.67,16.33,1.32,27.74,310.44,11.19,1361.37,1361.17,1.00
,,158,1,81.67,86.00,4.33,1.05,55.55,98.65,1.78,1360.64,1360.64,1.00
,,159,1,70.00,87.33,17.33,1.25,10.19,18.01,1.77,1242.81,1242.99,1.00
,,160,1,49.00,85.67,36.67,1.75,21.20,40.26,1.90,1360.97,1359.84,1.00
,,161,1,50.00,85.67,35.67,1.71,22.96,41.97,1.83,1281.22,1258.49,0.98
,,162,1,49.67,87.33,37.67,1.76,21.78,106.03,4.87,1321.78,1321.62,1.00
,,163,1,50.00,84.67,34.67,1.69,5.39,14.72,2.73,1357.08,1357.08,1.00
,,164,1,47.33,85.67,38.33,1.81,24.92,43.00,1.73,1366.00,1366.00,1.00
,,165,1,59.33,88.00,28.67,1.48,17.43,34.64,1.99,1242.97,1258.14,1.01
,,166,1,52.00,86.67,34.67,1.67,72.34,134.27,1.86,1329.91,1329.91,1.00
,,167,1,48.67,75.67,27.00,1.55,18.85,36.54,1.94,1334.84,1330.30,1.00
,,168,1,49.67,84.67,35.00,1.70,21.96,40.37,1.84,1302.86,1301.82,1.00
,,169,1,49.67,76.33,26.67,1.54,21.76,41.79,1.92,1282.32,1262.33,0.98
,,170,2,66.00,87.33,21.33,1.32,15.59,38.30,2.46,1211.95,1223.88,1.01
,,171,1,86.00,88.00,2.00,1.02,13.03,21.97,1.69,1256.91,1256.95,1.00
,,172,1,70.00,84.00,14.00,1.20,24.47,41.57,1.70,1267.77,1267.83,1.00
,,173,1,48.00,72.67,24.67,1.51,6.97,14.63,2.10,1252.07,1253.19,1.00
,,174,1,52.67,88.00,35.33,1.67,12.09,20.76,1.72,1359.07,1358.64,1.00
,,175,1,56.00,87.33,31.33,1.56,12.20,27.44,2.25,1357.63,1357.63,1.00
,,176,1,0.00,85.33,85.33,n.a.,18.69,28.34,1.52,1320.03,1319.82,1.00
,,177,1,0.00,80.00,80.00,n.a.,22.43,34.02,1.52,1323.43,1321.79,1.00
,,178,1,49.67,85.67,36.00,1.72,19.13,80.49,4.21,1318.66,1323.56,1.00
,,179,1,0.00,73.33,73.33,n.a.,30.36,45.68,1.50,1321.28,1321.03,1.00
,,180,1,0.00,86.33,86.33,n.a.,18.00,28.44,1.58,1320.03,1321.28,1.00
,,181,1,65.67,86.33,20.67,1.31,18.24,32.47,1.78,1263.44,1263.43,1.00
,,182,1,48.33,84.67,36.33,1.75,37.05,60.07,1.62,1360.14,1361.14,1.00
,,183,2,56.00,62.67,6.67,1.12,7.96,23.89,3.00,1257.09,1263.46,1.01
,,184,1,50.33,67.67,17.33,1.34,16.67,28.09,1.69,1263.50,1267.99,1.00
,,185,1,49.67,84.00,34.33,1.69,23.10,44.49,1.93,1313.81,1312.17,1.00
,,186,1,47.33,65.67,18.33,1.39,21.67,37.69,1.74,1257.00,1257.02,1.00
,,187,1,49.67,84.00,34.33,1.69,22.42,42.29,1.89,1319.83,1314.67,1.00
,,188,1,51.67,86.00,34.33,1.66,25.36,47.09,1.86,1316.70,1316.12,1.00
,,189,1,65.67,78.00,12.33,1.19,10.41,19.19,1.84,1267.95,1267.96,1.00
,,190,1,50.33,82.00,31.67,1.63,3.84,12.97,3.38,1358.14,1358.39,1.00
,,191,1,54.33,85.00,30.67,1.56,60.88,74.27,1.22,1358.89,1358.89,1.00
,,192,1,47.00,63.67,16.67,1.35,7.01,13.12,1.87,1251.69,1251.72,1.00
,,193,1,49.67,85.00,35.33,1.71,29.31,60.99,2.08,1324.02,1318.60,1.00
,,194,1,46.67,73.00,26.33,1.56,7.48,21.34,2.85,1331.66,1331.66,1.00
,,195,1,49.33,86.33,37.00,1.75,16.63,34.23,2.06,1338.74,1337.51,1.00
,,196,1,48.33,85.00,36.67,1.76,69.84,120.38,1.72,1364.38,1364.38,1.00
,,197,1,0.00,77.33,77.33,n.a.,28.41,42.53,1.50,1323.03,1319.28,1.00
,,198,1,60.33,86.33,26.00,1.43,8.97,19.14,2.13,1359.38,1359.88,1.00
,,199,1,50.67,84.33,33.67,1.66,34.79,42.73,1.23,1330.59,1330.59,1.00
,,200,1,52.33,84.33,32.00,1.61,13.73,25.44,1.85,1361.37,1357.87,1.00
,,201,1,47.00,84.67,37.67,1.80,44.16,55.75,1.26,1330.96,1329.85,1.00
,,202,1,0.00,83.00,83.00,n.a.,24.09,37.41,1.55,1320.78,1323.03,1.00
,,203,1,49.33,84.67,35.33,1.72,3.86,12.69,3.29,1358.14,1358.14,1.00
,,204,1,53.67,55.00,1.33,1.02,7.45,13.55,1.82,1253.36,1253.37,1.00
,,205,1,54.00,85.67,31.67,1.59,4.67,14.53,3.11,1324.65,1321.11,1.00
,,206,1,64.00,79.33,15.33,1.24,35.50,290.64,8.19,1322.52,1323.51,1.00
,,207,1,84.33,87.00,2.67,1.03,22.78,43.19,1.90,1330.59,1331.84,1.00
,,208,1,44.67,74.67,30.00,1.67,7.64,18.94,2.48,1251.78,1252.11,1.00
,,209,1,50.00,86.33,36.33,1.73,54.60,87.90,1.61,1359.64,1359.64,1.00
,,210,1,50.67,86.00,35.33,1.70,8.43,17.00,2.02,1358.14,1358.14,1.00
,,211,1,50.67,71.67,21.00,1.41,4.23,10.95,2.59,1328.80,1328.80,1.00
,,212,1,87.33,82.67,-4.67,0.95,22.98,71.85,3.13,1325.53,1326.22,1.00
,,213,1,47.00,87.00,40.00,1.85,9.42,19.66,2.09,1329.84,1330.59,1.00
,,214,1,50.00,84.67,34.67,1.69,24.95,42.85,1.72,1334.90,1337.14,1.00
,,215,1,50.67,85.67,35.00,1.69,11.85,24.70,2.08,1330.27,1329.84,1.00
,,216,1,49.67,70.67,21.00,1.42,22.11,64.50,2.92,1309.96,1310.42,1.00
,,217,1,49.67,86.67,37.00,1.74,31.78,49.98,1.57,1359.00,1359.00,1.00
,,218,1,54.33,87.00,32.67,1.60,29.79,60.53,2.03,1359.25,1359.25,1.00
,,219,1,78.00,86.67,8.67,1.11,9.75,19.37,1.99,1263.63,1263.17,1.00
,,220,2,46.33,66.00,19.67,1.42,6.13,14.07,2.29,1267.36,1267.43,1.00
,,221,1,83.67,87.67,4.00,1.05,19.86,33.31,1.68,1268.04,1268.07,1.00
,,222,1,53.67,86.33,32.67,1.61,23.74,38.66,1.63,1253.31,1253.32,1.00
,,223,1,52.33,83.67,31.33,1.60,56.88,94.72,1.67,1330.16,1331.66,1.00
,,224,1,0.00,85.67,85.67,n.a.,25.17,40.69,1.62,1322.78,1322.78,1.00
,,225,1,47.67,86.00,38.33,1.80,21.52,34.76,1.62,1331.38,1330.92,1.00
,,226,1,48.00,86.00,38.00,1.79,17.39,32.16,1.85,1257.03,1257.04,1.00
,,227,2,48.67,82.33,33.67,1.69,26.78,206.05,7.69,1357.39,1357.39,1.00
,,228,1,46.00,83.33,37.33,1.81,67.31,106.94,1.59,1241.06,1241.14,1.00
,,229,1,50.00,77.00,27.00,1.54,37.83,66.86,1.77,1359.37,1359.37,1.00
,,230,1,48.67,84.33,35.67,1.73,54.95,88.75,1.62,1267.57,1268.01,1.00
,,231,1,50.33,76.00,25.67,1.51,3.88,9.66,2.49,1291.63,1291.44,1.00
,,232,1,47.33,86.33,39.00,1.82,43.09,84.22,1.95,1357.58,1357.51,1.00
,,233,1,49.67,81.00,31.33,1.63,26.04,59.56,2.29,1322.51,1324.74,1.00
,,234,1,73.33,87.00,13.67,1.19,17.23,35.95,2.09,1358.64,1358.64,1.00
,,235,1,50.33,86.67,36.33,1.72,8.32,18.04,2.17,1329.84,1330.09,1.00
,,236,1,46.67,84.33,37.67,1.81,13.73,24.21,1.76,1263.40,1263.42,1.00
,,237,1,72.67,76.00,3.33,1.05,8.81,17.97,2.04,1263.27,1263.29,1.00
,,238,1,0.00,75.33,75.33,n.a.,21.20,32.17,1.52,1323.54,1323.41,1.00
,,239,1,49.67,86.00,36.33,1.73,130.66,205.65,1.57,1330.60,1330.59,1.00
,,240,1,87.00,86.67,-0.33,1.00,76.28,133.17,1.75,1362.14,1362.07,1.00
,,241,2,49.67,71.67,22.00,1.44,17.80,250.68,14.08,1321.28,1321.28,1.00
,,242,1,46.67,86.33,39.67,1.85,88.41,168.17,1.90,1360.94,1364.44,1.00
,,243,1,50.33,87.00,36.67,1.73,16.69,36.97,2.22,1358.14,1358.14,1.00
,,244,3,49.67,86.67,37.00,1.74,10.80,141.26,13.07,1331.09,1330.95,1.00
,,245,2,49.67,78.00,28.33,1.57,3.50,57.18,16.35,1332.55,1332.32,1.00
,Normal,246,-,86.67,86.67,0.00,1.00,16.20,16.94,1.05,1305.43,1302.58,1.00
,,247,-,68.00,68.00,0.00,1.00,29.14,30.53,1.05,1313.31,1306.58,0.99
,,248,-,88.33,88.33,0.00,1.00,15.50,16.75,1.08,1319.09,1317.01,1.00
,,249,-,85.00,85.00,0.00,1.00,19.92,20.90,1.05,1326.13,1324.84,1.00
,,250,-,84.00,84.00,0.00,1.00,98.44,99.89,1.01,1323.45,1325.70,1.00
,,251,-,86.00,86.00,0.00,1.00,26.22,28.53,1.09,1328.53,1326.80,1.00
,,252,-,85.33,85.33,0.00,1.00,20.28,20.98,1.03,1332.32,1329.80,1.00
,,253,-,86.67,86.67,0.00,1.00,15.41,16.62,1.08,1329.30,1329.30,1.00
,,254,-,79.00,79.00,0.00,1.00,25.48,27.47,1.08,1329.05,1329.55,1.00
,,255,-,86.67,86.67,0.00,1.00,19.26,20.22,1.05,1330.09,1331.84,1.00
,,256,-,84.00,84.00,0.00,1.00,14.26,14.83,1.04,1330.09,1330.09,1.00
,,257,-,53.00,53.00,0.00,1.00,13.15,13.84,1.05,1330.09,1330.09,1.00
,,258,-,84.00,84.00,0.00,1.00,54.17,54.98,1.01,1329.34,1329.34,1.00
,,259,-,85.00,85.00,0.00,1.00,21.66,24.02,1.11,1329.34,1329.34,1.00
,,260,-,59.00,59.00,0.00,1.00,40.61,42.53,1.05,1333.34,1333.34,1.00
,,261,-,68.67,68.67,0.00,1.00,23.79,25.75,1.08,1330.85,1331.10,1.00
,,262,-,83.33,83.33,0.00,1.00,14.47,15.15,1.05,1330.16,1330.16,1.00
,,263,-,83.67,83.67,0.00,1.00,23.00,23.48,1.02,1333.63,1333.63,1.00
,,264,-,85.33,85.33,0.00,1.00,29.55,32.04,1.08,1337.51,1338.49,1.00
,,265,-,86.67,86.67,0.00,1.00,14.95,16.04,1.07,1366.00,1361.03,1.00
,,266,-,84.00,84.00,0.00,1.00,54.62,55.14,1.01,1357.75,1359.00,1.00
,,267,-,80.67,80.67,0.00,1.00,17.37,24.82,1.43,1168.36,1360.62,1.16
,,268,-,63.67,63.67,0.00,1.00,8.17,7.70,0.94,1177.58,1361.66,1.16
,,269,-,87.00,87.00,0.00,1.00,26.21,65.82,2.51,1191.27,1361.88,1.14
,,270,-,83.67,83.67,0.00,1.00,13.29,16.43,1.24,1191.44,1358.38,1.14
,,271,-,69.33,69.33,0.00,1.00,14.38,11.36,0.79,1192.50,1357.63,1.14
,,272,-,83.33,83.33,0.00,1.00,14.70,28.58,1.95,1192.73,1357.38,1.14
,,273,-,86.00,86.00,0.00,1.00,13.54,17.40,1.29,1192.77,1358.89,1.14
,,274,-,84.67,84.67,0.00,1.00,13.92,16.65,1.20,1192.76,1358.89,1.14
,,275,-,56.33,56.33,0.00,1.00,18.37,25.47,1.39,1192.81,1358.21,1.14
,,276,-,86.00,86.00,0.00,1.00,16.47,20.00,1.21,1192.75,1359.14,1.14
,,277,-,83.00,83.00,0.00,1.00,16.24,24.48,1.51,1192.69,1359.14,1.14
,,278,-,86.33,86.33,0.00,1.00,18.70,23.62,1.26,1192.69,1362.78,1.14
,,279,-,84.67,84.67,0.00,1.00,22.06,63.15,2.86,1192.73,1358.14,1.14
,,280,-,69.33,69.33,0.00,1.00,11.36,14.53,1.28,1192.49,1357.64,1.14
,,281,-,85.00,85.00,0.00,1.00,37.00,77.76,2.10,1192.80,1360.94,1.14
,,282,-,60.67,60.67,0.00,1.00,16.21,17.99,1.11,1251.67,1251.64,1.00
,,283,-,76.33,76.33,0.00,1.00,85.85,89.61,1.04,1189.51,1200.39,1.01
,,284,-,86.00,86.00,0.00,1.00,31.62,34.67,1.10,1256.49,1256.54,1.00
CIFAR-10,Repaired,285,1,10.00,62.96,52.96,6.30,59.10,96.76,1.64,5317.38,5760.92,1.08
,,286,1,10.00,67.43,57.43,6.74,165.02,225.81,1.37,3029.03,3031.71,1.00
,,287,1,10.00,34.64,24.64,3.46,132.04,186.68,1.41,5959.27,7204.27,1.21
,,288,1,10.00,55.77,45.77,5.58,101.04,147.94,1.46,6207.97,8381.54,1.35
,,289,1,8.24,67.08,58.84,8.14,136.90,197.50,1.44,4479.47,3774.16,0.84
,,290,1,10.00,43.96,33.96,4.40,187.96,248.83,1.32,4694.23,6400.61,1.36
,,291,1,10.00,70.52,60.52,7.05,131.48,193.19,1.47,3774.63,3774.38,1.00
,,292,1,69.26,70.04,0.78,1.01,93.63,148.74,1.59,7249.19,7050.63,0.97
,,293,1,62.20,66.48,4.28,1.07,297.52,418.74,1.41,7251.33,6689.11,0.92
,,294,1,70.20,70.85,0.65,1.01,52.52,86.91,1.65,7892.33,5442.38,0.69
,,295,1,10.00,44.27,34.27,4.43,105.02,157.18,1.50,6817.85,5177.46,0.76
,,296,1,10.00,27.78,17.78,2.78,268.39,385.77,1.44,5357.50,6470.30,1.21
,,297,1,12.16,69.56,57.40,5.72,106.39,144.98,1.36,4445.87,3739.54,0.84
,,298,1,7.78,63.46,55.68,8.16,91.30,131.01,1.43,3898.10,3780.91,0.97
,,299,2,10.00,70.21,60.21,7.02,269.11,1398.06,5.20,2957.41,3067.98,1.04
,,300,1,7.82,65.33,57.51,8.35,360.57,618.79,1.72,3774.36,3775.61,1.00
,,301,1,67.13,69.17,2.04,1.03,92.48,140.75,1.52,5318.68,6399.81,1.20
,,302,1,10.00,62.93,52.93,6.29,285.47,415.52,1.46,3620.49,2856.27,0.79
,,303,1,11.69,50.16,38.47,4.29,130.37,235.79,1.81,3625.24,3627.49,1.00
,,304,1,10.00,64.70,54.70,6.47,82.06,112.91,1.38,4463.75,3760.61,0.84
,,305,1,8.20,66.96,58.76,8.17,170.80,245.30,1.44,3625.12,3744.81,1.03
,,306,1,10.00,67.23,57.23,6.72,244.45,317.22,1.30,3619.88,2910.36,0.80
,,307,2,10.00,67.53,57.53,6.75,110.72,196.21,1.77,5997.12,5586.88,0.93
,,308,1,70.56,68.91,-1.65,0.98,218.11,345.07,1.58,7641.48,9068.34,1.19
,,309,1,10.00,65.78,55.78,6.58,190.82,244.35,1.28,3036.72,3030.94,1.00
,,310,1,10.00,64.94,54.94,6.49,409.89,431.13,1.05,3021.97,3004.28,0.99
,,311,1,10.00,55.31,45.31,5.53,193.83,268.97,1.39,6665.30,5445.29,0.82
,,312,1,27.76,63.94,36.18,2.30,609.88,1226.80,2.01,3624.88,3624.88,1.00
,,313,1,10.00,64.96,54.96,6.50,632.30,762.98,1.21,3750.32,3630.38,0.97
,,314,1,20.23,68.27,48.04,3.37,140.58,191.98,1.37,3761.63,4348.54,1.16
,,315,1,9.23,53.72,44.49,5.82,710.74,1632.58,2.30,3632.67,3713.68,1.02
,,316,1,10.00,64.14,54.14,6.41,76.77,130.27,1.70,6206.56,6814.97,1.10
,,317,1,62.54,65.62,3.08,1.05,257.92,359.73,1.39,5467.20,6280.26,1.15
,,318,1,10.02,66.12,56.10,6.60,108.60,98.34,0.91,7576.53,9463.46,1.25
,,319,1,10.00,63.73,53.73,6.37,317.07,397.52,1.25,2877.48,2801.03,0.97
,,320,1,13.96,60.10,46.14,4.31,288.55,344.56,1.19,3664.96,3776.63,1.03
,,321,1,8.08,67.09,59.01,8.30,410.70,495.30,1.21,3677.52,3796.75,1.03
,,322,1,10.36,68.16,57.80,6.58,117.71,124.39,1.06,9947.95,11121.49,1.12
,,323,1,10.00,67.01,57.01,6.70,83.49,114.78,1.37,3748.03,4452.91,1.19
,,324,1,57.63,67.46,9.83,1.17,86.91,127.66,1.47,7964.12,9368.84,1.18
,,325,1,18.66,67.72,49.06,3.63,139.77,195.03,1.40,4479.48,3776.35,0.84
,,326,1,10.00,65.03,55.03,6.50,139.73,221.42,1.58,2866.38,2922.94,1.02
,,327,2,10.00,71.73,61.73,7.17,73.48,1180.53,16.07,4477.29,3774.16,0.84
,,328,1,10.00,57.30,47.30,5.73,91.50,95.87,1.05,6643.36,3821.68,0.58
,,329,1,9.20,58.80,49.60,6.39,276.82,490.17,1.77,3754.27,3624.95,0.97
,,330,1,32.91,58.21,25.30,1.77,386.55,1032.43,2.67,4445.45,3742.31,0.84
,,331,1,68.35,68.37,0.02,1.00,177.47,220.94,1.24,8657.35,10065.75,1.16
,,332,1,9.98,59.97,49.99,6.01,62.26,63.06,1.01,7936.52,9426.83,1.19
,,333,1,10.00,67.43,57.43,6.74,214.44,295.44,1.38,3589.40,2817.81,0.79
,,334,1,10.00,62.90,52.90,6.29,93.86,141.58,1.51,5373.99,5783.97,1.08
,,335,1,23.12,66.37,43.25,2.87,140.52,201.88,1.44,4455.06,3750.08,0.84
,,336,1,8.25,70.29,62.04,8.52,56.69,85.30,1.50,3778.36,3661.16,0.97
,,337,1,10.00,67.61,57.61,6.76,223.23,302.93,1.36,3025.79,2969.68,0.98
,,338,2,10.00,67.53,57.53,6.75,90.77,168.46,1.86,6079.32,4065.87,0.67
,,339,2,10.00,69.60,59.60,6.96,591.28,2484.26,4.20,2933.16,2933.64,1.00
,,340,1,23.96,44.36,20.40,1.85,686.60,1768.79,2.58,3627.28,3625.29,1.00
,,341,1,10.00,66.36,56.36,6.64,255.69,334.65,1.31,2861.67,3036.07,1.06
,,342,1,10.00,67.14,57.14,6.71,186.38,258.79,1.39,3033.26,2861.93,0.94
,,343,1,7.95,68.55,60.60,8.62,138.32,187.22,1.35,4359.55,3656.41,0.84
,,344,1,8.12,65.38,57.26,8.05,93.24,129.31,1.39,3744.07,5034.64,1.34
,,345,1,10.00,61.24,51.24,6.12,71.42,117.45,1.64,5211.63,6311.67,1.21
,,346,1,44.00,60.59,16.59,1.38,63.28,65.39,1.03,11345.60,8071.16,0.71
,,347,1,20.35,65.75,45.40,3.23,156.96,280.36,1.79,4196.81,3431.49,0.82
,,348,1,10.05,63.42,53.37,6.31,68.11,65.51,0.96,9890.96,11122.88,1.12
,,349,1,10.00,63.54,53.54,6.35,239.71,366.30,1.53,3643.41,3761.35,1.03
,,350,1,10.00,66.41,56.41,6.64,86.10,124.48,1.45,4477.99,3774.86,0.84
,,351,2,10.00,68.33,58.33,6.83,402.15,2482.89,6.17,3047.04,2852.75,0.94
,,352,1,57.72,68.69,10.97,1.19,73.80,139.98,1.90,4359.05,3655.91,0.84
,,353,1,14.59,66.20,51.61,4.54,238.85,308.94,1.29,3768.30,3761.85,1.00
,,354,1,10.00,66.20,56.20,6.62,180.68,235.23,1.30,2904.98,3017.37,1.04
,,355,1,10.00,56.57,46.57,5.66,57.07,86.25,1.51,5696.55,6285.04,1.10
,,356,1,10.00,64.20,54.20,6.42,254.18,315.48,1.24,3627.62,3632.37,1.00
,,357,1,10.00,66.89,56.89,6.69,177.86,218.38,1.23,11070.93,7434.35,0.67
,Failed,358,1,10.00,10.00,0.00,1.00,382.79,492.60,1.29,3777.13,3777.13,1.00
,,359,2,10.00,10.00,0.00,1.00,186.52,419.96,2.25,6316.59,6301.32,1.00
,Normal,360,-,65.37,65.37,0.00,1.00,342.88,319.32,0.93,4452.31,3749.12,0.84
,,361,-,56.56,56.56,0.00,1.00,236.45,244.89,1.04,3749.78,3753.79,1.00
,,362,-,67.20,67.20,0.00,1.00,79.15,78.88,1.00,3623.91,4329.16,1.19
,,363,-,60.23,60.23,0.00,1.00,228.07,244.09,1.07,4444.46,3741.33,0.84
,,364,-,62.55,62.55,0.00,1.00,173.73,174.60,1.00,3632.24,3741.17,1.03
,,365,-,55.95,55.95,0.00,1.00,271.11,269.05,0.99,3626.29,3742.98,1.03
,,366,-,67.77,67.77,0.00,1.00,171.30,174.12,1.02,3629.85,3624.35,1.00
,,367,-,67.79,67.79,0.00,1.00,176.35,173.60,0.98,3633.66,3750.80,1.03
,,368,-,67.50,67.50,0.00,1.00,99.19,99.81,1.01,4336.00,3632.87,0.84
,,369,-,68.00,68.00,0.00,1.00,172.86,171.19,0.99,3633.88,3742.31,1.03
,,370,-,67.59,67.59,0.00,1.00,98.59,100.61,1.02,3643.39,4348.02,1.19
,,371,-,67.15,67.15,0.00,1.00,121.75,118.16,0.97,3760.58,4346.52,1.16
,,372,-,68.95,68.95,0.00,1.00,172.84,176.28,1.02,3770.54,3647.14,0.97
,,373,-,54.41,54.41,0.00,1.00,79.52,84.65,1.06,3761.84,3764.09,1.00
,,374,-,37.74,37.74,0.00,1.00,145.93,147.76,1.01,3762.59,3881.29,1.03
,,375,-,68.41,68.41,0.00,1.00,115.93,123.41,1.06,4347.54,3663.90,0.84
,,376,-,69.40,69.40,0.00,1.00,103.07,104.06,1.01,3644.16,3769.10,1.03
,,377,-,68.85,68.85,0.00,1.00,98.81,98.17,0.99,4469.23,3766.10,0.84
,,378,-,69.12,69.12,0.00,1.00,160.67,156.71,0.98,3642.41,3644.16,1.00
,,379,-,64.56,64.56,0.00,1.00,68.85,70.95,1.03,4481.54,3761.05,0.84
,,380,-,58.28,58.28,0.00,1.00,99.61,105.82,1.06,3778.43,3658.91,0.97
,,381,-,63.25,63.25,0.00,1.00,70.50,69.59,0.99,4484.98,3781.85,0.84
,,382,-,43.75,43.75,0.00,1.00,260.51,258.30,0.99,4483.36,3774.03,0.84
,,383,-,69.73,69.73,0.00,1.00,160.82,160.23,1.00,3656.41,3657.91,1.00
,,384,-,68.56,68.56,0.00,1.00,244.74,232.25,0.95,3654.91,4476.24,1.22
,,385,-,44.02,44.02,0.00,1.00,163.66,158.76,0.97,3694.32,3772.11,1.02
,,386,-,64.81,64.81,0.00,1.00,80.73,85.93,1.06,3774.86,4364.30,1.16
,,387,-,69.95,69.95,0.00,1.00,153.53,163.25,1.06,3778.40,3658.93,0.97
,,388,-,68.19,68.19,0.00,1.00,99.35,98.74,0.99,4485.52,3782.38,0.84
,,389,-,68.67,68.67,0.00,1.00,119.36,118.75,0.99,4366.07,3662.94,0.84
,,390,-,63.21,63.21,0.00,1.00,115.37,118.38,1.03,3659.43,3660.93,1.00
,,391,-,68.06,68.06,0.00,1.00,97.00,105.45,1.09,4478.79,3775.66,0.84
,,392,-,61.26,61.26,0.00,1.00,74.83,76.42,1.02,3777.40,4017.39,1.06
,,393,-,67.24,67.24,0.00,1.00,137.34,139.30,1.01,4360.60,3692.73,0.85
,,394,-,67.62,67.62,0.00,1.00,102.61,102.27,1.00,3657.42,3775.41,1.03
MNIST,Repaired,395,1,26.69,99.02,72.33,3.71,254.69,453.57,1.78,3258.00,3251.76,1.00
,,396,2,11.35,98.36,87.01,8.67,420.53,2540.02,6.04,3437.79,3258.34,0.95
,,397,1,98.60,99.18,0.58,1.01,91.74,137.01,1.49,3365.71,3672.78,1.09
,,398,1,9.50,99.07,89.57,10.43,123.55,225.97,1.83,3143.98,3356.33,1.07
,,399,1,99.16,99.29,0.13,1.00,119.67,166.53,1.39,3588.25,3174.85,0.88
,,400,1,11.35,98.10,86.75,8.64,242.75,381.38,1.57,2485.84,2486.34,1.00
,,401,1,11.76,98.91,87.15,8.41,70.82,112.45,1.59,3352.63,3322.72,0.99
,,402,1,22.05,99.21,77.16,4.50,152.95,220.48,1.44,3351.43,3142.08,0.94
,,403,1,11.55,97.72,86.17,8.46,295.76,917.03,3.10,3474.32,3294.87,0.95
,,404,1,9.54,99.17,89.63,10.40,151.17,250.63,1.66,3185.36,3185.61,1.00
,,405,1,11.35,98.81,87.46,8.71,211.94,308.41,1.46,2341.55,2333.30,1.00
,,406,1,73.68,99.19,25.51,1.35,132.88,208.74,1.57,3053.52,3235.17,1.06
,,407,2,11.35,98.76,87.41,8.70,170.94,925.67,5.42,3141.23,3171.89,1.01
,,408,1,10.09,98.43,88.34,9.76,139.99,183.92,1.31,3354.83,3145.48,0.94
,,409,1,11.35,99.11,87.76,8.73,254.68,507.00,1.99,2475.90,2444.18,0.99
,,410,1,11.35,96.06,84.71,8.46,198.51,336.06,1.69,2428.64,2407.28,0.99
,,411,1,98.97,99.27,0.30,1.00,400.56,590.36,1.47,3023.67,3470.20,1.15
,,412,1,14.07,98.38,84.31,6.99,66.07,101.34,1.53,3352.33,3142.98,0.94
,,413,1,11.35,98.92,87.57,8.72,169.78,241.22,1.42,2398.03,2383.01,0.99
,,414,2,10.32,96.79,86.47,9.38,120.46,721.08,5.99,3323.80,3144.36,0.95
,,415,1,11.35,99.08,87.73,8.73,138.83,241.15,1.74,3205.50,3175.59,0.99
,,416,1,98.44,99.19,0.75,1.01,284.67,436.09,1.53,3726.69,3378.94,0.91
,,417,1,10.09,99.04,88.95,9.82,146.16,178.92,1.22,3473.26,2741.67,0.79
,,418,1,98.84,99.19,0.35,1.00,235.21,351.96,1.50,2873.49,3316.99,1.15
,,419,1,9.80,98.73,88.93,10.07,99.99,101.78,1.02,3265.32,2916.77,0.89
,,420,1,88.44,98.79,10.35,1.12,267.11,401.37,1.50,3226.07,3188.81,0.99
,,421,1,99.04,99.28,0.24,1.00,98.56,141.85,1.44,3337.73,3316.60,0.99
,,422,1,11.35,99.06,87.71,8.73,120.53,210.88,1.75,3141.61,3144.11,1.00
,,423,2,10.32,97.33,87.01,9.43,71.16,289.85,4.07,3332.39,3152.95,0.95
,,424,1,99.09,99.28,0.19,1.00,42.90,62.46,1.46,3138.54,3804.11,1.21
,,425,1,9.33,99.07,89.74,10.62,148.82,212.36,1.43,3084.37,3083.77,1.00
,,426,1,98.13,98.93,0.80,1.01,66.47,107.74,1.62,3338.69,3653.81,1.09
,,427,1,98.86,99.35,0.49,1.00,77.05,116.83,1.52,3503.58,3948.19,1.13
,,428,1,9.52,99.01,89.49,10.40,107.77,163.18,1.51,3351.68,3142.33,0.94
,,429,1,11.35,97.77,86.42,8.61,216.69,342.31,1.58,2469.23,2426.66,0.98
,,430,1,98.46,99.08,0.62,1.01,59.56,94.54,1.59,3467.04,3315.67,0.96
,,431,1,98.04,98.95,0.91,1.01,33.11,53.66,1.62,3457.16,3236.24,0.94
,,432,1,16.14,98.91,82.77,6.13,65.40,123.88,1.89,3347.91,3138.69,0.94
,,433,1,9.80,99.14,89.34,10.12,430.76,455.74,1.06,3517.21,3349.57,0.95
,,434,1,9.80,99.05,89.25,10.11,36.15,43.77,1.21,3897.11,3700.47,0.95
,,435,1,98.71,99.25,0.54,1.01,87.11,130.13,1.49,3323.98,3561.55,1.07
,,436,1,8.89,99.06,90.17,11.14,28.69,36.99,1.29,3523.83,4080.47,1.16
,,437,1,11.35,96.82,85.47,8.53,215.59,346.28,1.61,2417.84,2376.07,0.98
,,438,1,95.43,99.00,3.57,1.04,51.41,76.98,1.50,3266.63,3536.57,1.08
,,439,1,98.79,99.25,0.46,1.00,91.04,136.49,1.50,3493.62,4308.49,1.23
,,440,1,11.35,98.86,87.51,8.71,255.15,438.11,1.72,2454.67,2478.24,1.01
,,441,1,98.77,99.15,0.38,1.00,311.78,451.62,1.45,3331.21,3234.07,0.97
,,442,1,11.35,98.81,87.46,8.71,276.83,430.52,1.56,2350.55,2317.35,0.99
,,443,1,11.35,99.07,87.72,8.73,190.17,313.81,1.65,3174.85,3145.36,0.99
,,444,1,11.35,98.92,87.57,8.72,960.41,1332.98,1.39,3258.27,3434.26,1.05
,,445,1,98.58,99.24,0.66,1.01,122.15,181.61,1.49,3165.04,3294.14,1.04
,,446,1,16.10,99.11,83.01,6.16,115.23,179.50,1.56,3350.58,3171.14,0.95
,,447,1,99.12,99.34,0.22,1.00,93.36,135.99,1.46,4131.60,2695.69,0.65
,,448,1,97.90,98.84,0.94,1.01,29.62,49.02,1.66,3033.92,3107.71,1.02
,,449,1,12.19,99.12,86.93,8.13,90.06,123.99,1.38,3260.56,3413.00,1.05
,,450,1,9.80,98.82,89.02,10.08,396.60,798.83,2.01,3389.34,3208.33,0.95
,,451,2,9.80,98.99,89.19,10.10,365.55,2294.69,6.28,3283.42,3283.67,1.00
,,452,1,10.28,98.67,88.39,9.60,272.09,577.08,2.12,3465.10,3285.52,0.95
,,453,1,35.08,98.73,63.65,2.81,331.44,365.42,1.10,3475.25,3286.04,0.95
,,454,1,98.60,99.23,0.63,1.01,78.16,119.47,1.53,3892.23,3502.38,0.90
,,455,1,98.39,99.18,0.79,1.01,34.67,48.84,1.41,2930.73,3814.31,1.30
,,456,1,9.54,99.02,89.48,10.38,499.86,761.79,1.52,3461.80,3282.36,0.95
,,457,1,10.32,98.55,88.23,9.55,105.31,156.25,1.48,3173.23,3173.23,1.00
,,458,1,98.80,99.24,0.44,1.00,68.61,102.74,1.50,3553.95,3813.89,1.07
,,459,1,97.56,98.82,1.26,1.01,40.31,76.37,1.89,3996.26,3342.43,0.84
,Normal,460,-,98.79,98.79,0.00,1.00,173.85,173.47,1.00,3203.96,3198.19,1.00
,,461,-,86.54,86.54,0.00,1.00,135.93,136.42,1.00,3168.69,2925.68,0.92
,,462,-,99.03,99.03,0.00,1.00,108.28,101.49,0.94,3116.65,3087.99,0.99
,,463,-,99.02,99.02,0.00,1.00,105.26,99.16,0.94,3116.95,3296.40,1.06
,,464,-,98.71,98.71,0.00,1.00,134.94,132.42,0.98,3303.11,3123.66,0.95
,,465,-,97.23,97.23,0.00,1.00,184.94,189.68,1.03,3160.76,3161.75,1.00
,,466,-,98.81,98.81,0.00,1.00,189.39,188.23,0.99,3171.06,3163.03,1.00
,,467,-,97.37,97.37,0.00,1.00,142.37,138.77,0.97,3164.63,3170.13,1.00
,,468,-,98.83,98.83,0.00,1.00,168.17,168.99,1.00,3112.68,3172.72,1.02
,,469,-,98.85,98.85,0.00,1.00,104.77,108.06,1.03,3379.82,3200.38,0.95
,,470,-,98.60,98.60,0.00,1.00,131.74,135.00,1.02,3169.48,3140.32,0.99
,,471,-,98.71,98.71,0.00,1.00,207.79,212.13,1.02,3142.48,3169.48,1.01
,,472,-,99.01,99.01,0.00,1.00,191.68,187.04,0.98,3112.79,3172.98,1.02
,,473,-,97.24,97.24,0.00,1.00,270.00,277.47,1.03,3144.57,3150.80,1.00
,,474,-,92.19,92.19,0.00,1.00,137.93,144.13,1.04,3359.18,3174.27,0.94
,,475,-,98.15,98.15,0.00,1.00,143.21,155.05,1.08,3357.93,3178.48,0.95
,,476,-,88.51,88.51,0.00,1.00,150.21,151.62,1.01,3352.93,3173.48,0.95
,,477,-,98.59,98.59,0.00,1.00,183.15,185.59,1.01,3120.03,3171.98,1.02
,,478,-,84.54,84.54,0.00,1.00,97.98,96.32,0.98,3143.59,3329.29,1.06
,,479,-,99.00,99.00,0.00,1.00,179.78,183.72,1.02,3148.81,3143.36,1.00
,,480,-,83.09,83.09,0.00,1.00,111.91,113.39,1.01,3110.82,3172.01,1.02
,,481,-,98.28,98.28,0.00,1.00,239.64,232.99,0.97,3143.89,3140.11,1.00
,,482,-,99.09,99.09,0.00,1.00,184.16,182.95,0.99,3173.52,3171.52,1.00
,,483,-,98.79,98.79,0.00,1.00,132.33,131.14,0.99,3358.61,3173.85,0.94
,,484,-,97.79,97.79,0.00,1.00,270.17,267.33,0.99,3210.66,3208.18,1.00
,,485,-,98.03,98.03,0.00,1.00,160.95,160.05,0.99,3147.37,3150.37,1.00
,,486,-,98.02,98.02,0.00,1.00,208.94,217.29,1.04,3322.16,3114.10,0.94
,,487,-,98.69,98.69,0.00,1.00,146.46,146.90,1.00,3144.94,3205.00,1.02
,,488,-,98.70,98.70,0.00,1.00,126.12,128.74,1.02,3174.85,3147.70,0.99
,,489,-,97.03,97.03,0.00,1.00,136.31,139.04,1.02,3359.13,3144.48,0.94
,,490,-,92.59,92.59,0.00,1.00,69.50,69.82,1.00,3209.29,3209.18,1.00
,,491,-,98.91,98.91,0.00,1.00,140.15,155.08,1.11,3144.61,3146.11,1.00
,,492,-,98.73,98.73,0.00,1.00,124.26,124.71,1.00,3352.83,3173.39,0.95
,,493,-,88.53,88.53,0.00,1.00,140.91,142.58,1.01,3352.58,3143.23,0.94
,,494,-,95.78,95.78,0.00,1.00,151.88,161.36,1.06,3382.99,3203.36,0.95
,,495,-,98.81,98.81,0.00,1.00,140.59,151.49,1.08,3172.14,3172.39,1.00
,,496,-,98.97,98.97,0.00,1.00,136.43,130.80,0.96,3202.54,3172.14,0.99
,,497,-,97.85,97.85,0.00,1.00,153.75,154.13,1.00,3173.39,3173.89,1.00
,,498,-,97.70,97.70,0.00,1.00,120.86,123.13,1.02,3320.18,3110.95,0.94
,,499,-,99.04,99.04,0.00,1.00,69.40,66.60,0.96,3142.98,3171.27,1.01
,,500,-,98.87,98.87,0.00,1.00,104.31,100.13,0.96,3201.04,3172.89,0.99
,,501,-,99.12,99.12,0.00,1.00,102.39,99.54,0.97,3172.14,3148.61,0.99
,,502,-,98.87,98.87,0.00,1.00,133.38,131.79,0.99,3141.23,3141.98,1.00
,,503,-,98.19,98.19,0.00,1.00,271.98,262.75,0.97,3173.93,3174.15,1.00
,,504,-,79.97,79.97,0.00,1.00,170.92,170.63,1.00,3115.99,3176.18,1.02
,,505,-,86.62,86.62,0.00,1.00,131.13,135.00,1.03,3279.52,3143.77,0.96
,,506,-,98.55,98.55,0.00,1.00,364.42,371.88,1.02,3340.86,3131.50,0.94
,,507,-,98.50,98.50,0.00,1.00,92.05,92.80,1.01,3233.38,3199.55,0.99
,,508,-,97.15,97.15,0.00,1.00,588.30,553.86,0.94,3619.63,3440.10,0.95
,,509,-,97.84,97.84,0.00,1.00,541.14,563.87,1.04,3439.16,3259.16,0.95
,,510,-,96.54,96.54,0.00,1.00,132.64,141.39,1.07,3251.55,3219.21,0.99
,,511,-,98.25,98.25,0.00,1.00,158.28,134.47,0.85,3283.25,3256.84,0.99
,,512,-,99.02,99.02,0.00,1.00,170.99,166.17,0.97,3252.00,3251.25,1.00
,,513,-,98.96,98.96,0.00,1.00,203.17,201.93,0.99,3252.76,3223.30,0.99
,,514,-,89.64,89.64,0.00,1.00,666.50,687.81,1.03,3287.96,3288.29,1.00
,,515,-,98.92,98.92,0.00,1.00,96.86,99.29,1.03,3286.29,3288.04,1.00
,,516,-,98.80,98.80,0.00,1.00,320.32,283.51,0.89,3472.32,3292.87,0.95
,,517,-,98.78,98.78,0.00,1.00,1115.93,1120.80,1.00,3260.31,3250.73,1.00
,,518,-,92.13,92.13,0.00,1.00,544.64,541.44,0.99,3253.00,3439.95,1.06
,,519,-,98.93,98.93,0.00,1.00,127.57,140.85,1.10,3224.72,3282.91,1.02
,,520,-,97.66,97.66,0.00,1.00,356.57,363.34,1.02,3464.60,3285.16,0.95
,,521,-,96.86,96.86,0.00,1.00,504.86,510.95,1.01,3254.76,3224.98,0.99
,,522,-,98.94,98.94,0.00,1.00,161.27,168.95,1.05,3282.84,3283.56,1.00
,,523,-,98.62,98.62,0.00,1.00,82.32,85.50,1.04,3321.84,3282.84,0.99
,,524,-,98.44,98.44,0.00,1.00,706.05,711.14,1.01,3252.31,3321.98,1.02
,,525,-,98.51,98.51,0.00,1.00,439.95,441.23,1.00,3273.68,3254.54,0.99
,,526,-,98.73,98.73,0.00,1.00,74.56,79.01,1.06,3471.85,3256.37,0.94
,,527,-,99.06,99.06,0.00,1.00,194.33,202.65,1.04,3284.69,3285.93,1.00
,,528,-,99.16,99.16,0.00,1.00,70.07,72.79,1.04,3290.70,3285.38,1.00
,,529,-,95.44,95.44,0.00,1.00,142.75,156.72,1.10,3470.17,3290.72,0.95
,,530,-,98.66,98.66,0.00,1.00,699.48,688.42,0.98,3286.72,3257.32,0.99
,,531,-,98.94,98.94,0.00,1.00,108.18,109.53,1.01,3223.79,3286.72,1.02
,,532,-,98.39,98.39,0.00,1.00,459.04,406.44,0.89,3262.82,3260.54,1.00
,,533,-,98.91,98.91,0.00,1.00,117.94,117.26,0.99,3286.97,3259.07,0.99
,,534,-,98.39,98.39,0.00,1.00,74.26,76.61,1.03,3468.67,3259.09,0.94
,,535,-,98.85,98.85,0.00,1.00,176.66,172.23,0.97,3119.29,3082.89,0.99
,,536,-,98.97,98.97,0.00,1.00,1140.86,1141.85,1.00,3338.69,3157.25,0.95
,,537,-,98.82,98.82,0.00,1.00,165.10,176.85,1.07,3191.35,3141.96,0.98
,,538,-,99.17,99.17,0.00,1.00,108.32,104.20,0.96,3353.42,2598.73,0.77
,,539,-,98.83,98.83,0.00,1.00,289.57,285.45,0.99,3711.53,3451.79,0.93
Reuters,Repaired,540,1,36.20,61.53,25.33,1.70,136.19,235.38,1.73,4742.16,4753.13,1.00
,,541,1,36.20,68.08,31.88,1.88,172.82,241.11,1.40,6370.18,6359.42,1.00
,,542,1,57.26,70.84,13.58,1.24,175.73,278.14,1.58,4740.97,4735.73,1.00
,,543,1,57.21,67.36,10.15,1.18,90.03,156.59,1.74,4770.00,4761.73,1.00
,,544,1,0.53,57.52,56.99,107.67,2591.11,4363.19,1.68,1823.66,1758.23,0.96
,,545,1,60.91,69.19,8.28,1.14,175.87,278.94,1.59,6371.89,6375.35,1.00
,,546,1,10.11,36.20,26.09,3.58,1285.04,4231.46,3.29,1841.11,1907.16,1.04
,,547,1,40.43,72.40,31.97,1.79,848.65,1767.29,2.08,2361.00,2403.83,1.02
,,548,1,36.20,66.83,30.63,1.85,216.16,303.91,1.41,6372.26,6378.70,1.00
,,549,1,55.83,68.74,12.91,1.23,90.10,155.69,1.73,6371.52,6372.70,1.00
,,550,2,0.53,66.38,65.85,124.25,308.96,946.55,3.06,4857.65,4879.49,1.00
,,551,1,8.86,61.84,52.98,6.98,1277.74,1676.13,1.31,2452.38,2474.48,1.01
,,552,1,36.20,62.73,26.54,1.73,1241.57,2498.16,2.01,1843.69,1922.49,1.04
,,553,1,1.16,58.64,57.48,50.65,1288.92,1711.50,1.33,2409.60,2471.23,1.03
,,554,1,10.02,62.56,52.54,6.24,1285.10,3535.60,2.75,2404.86,2474.21,1.03
,,555,1,36.20,60.24,24.04,1.66,309.58,490.17,1.58,4756.56,4755.69,1.00
,,556,1,0.93,66.52,65.58,71.14,173.72,244.16,1.41,4633.00,4687.49,1.01
,,557,1,47.91,50.22,2.32,1.05,1278.41,4778.25,3.74,2312.99,2360.14,1.02
,,558,1,36.20,62.47,26.27,1.73,310.32,428.43,1.38,4476.35,4506.79,1.01
,,559,1,50.49,67.59,17.10,1.34,220.45,350.06,1.59,3684.76,4059.10,1.10
,,560,1,29.70,57.84,28.14,1.95,1272.22,2656.26,2.09,2538.92,2585.62,1.02
,,561,1,4.76,58.24,53.47,12.22,730.41,908.98,1.24,1854.01,1926.88,1.04
,,562,1,4.19,66.03,61.84,15.78,645.01,1023.98,1.59,2247.90,2361.28,1.05
,,563,1,36.20,67.50,31.30,1.86,175.51,278.17,1.58,6570.69,6645.43,1.01
,,564,1,55.70,60.91,5.21,1.09,845.14,1728.81,2.05,2524.05,2569.25,1.02
,,565,1,57.48,66.47,8.99,1.16,113.13,195.23,1.73,6383.02,6389.03,1.00
,,566,1,36.20,69.28,33.08,1.91,174.04,242.24,1.39,6390.73,6393.76,1.00
,,567,1,5.48,61.13,55.65,11.16,898.60,1930.99,2.15,1940.73,1931.83,1.00
,,568,1,56.86,57.21,0.36,1.01,855.34,2844.38,3.33,2413.77,2481.97,1.03
,,569,1,2.32,61.18,58.86,26.42,1273.03,1714.84,1.35,2532.65,2576.10,1.02
,,570,1,0.53,59.04,58.50,110.50,1706.67,3308.97,1.94,1838.58,1857.99,1.01
,,571,1,64.34,70.21,5.88,1.09,177.66,276.47,1.56,6368.46,6357.48,1.00
,,572,1,2.32,36.20,33.88,15.63,1275.54,3700.74,2.90,2533.40,2577.60,1.02
,,573,1,3.43,48.53,45.10,14.16,1383.36,3865.88,2.79,1926.37,1963.37,1.02
,,574,1,60.33,67.63,7.30,1.12,91.77,155.20,1.69,6380.26,6379.52,1.00
,,575,1,36.20,63.18,26.98,1.75,1277.28,2504.35,1.96,2544.48,2587.68,1.02
,,576,1,37.09,63.05,25.96,1.70,262.68,415.61,1.58,6397.80,6394.42,1.00
,,577,1,36.20,49.82,13.62,1.38,1269.35,4721.50,3.72,2314.12,2355.49,1.02
,,578,1,29.92,36.20,6.28,1.21,1283.82,3487.54,2.72,2357.89,2403.09,1.02
,,579,1,38.78,50.13,11.35,1.29,1283.67,3271.91,2.55,2548.48,2598.43,1.02
,,580,1,4.50,67.28,62.78,14.96,691.65,903.36,1.31,2518.91,2560.61,1.02
,,581,1,59.75,59.71,-0.04,1.00,928.16,1834.58,1.98,2534.15,2575.85,1.02
,,582,1,0.53,61.80,61.26,115.67,1264.08,1337.76,1.06,1857.42,1856.30,1.00
,,583,1,36.20,59.17,22.97,1.63,176.10,251.06,1.43,6380.85,6392.99,1.00
,,584,1,49.24,62.47,13.22,1.27,1299.30,3391.51,2.61,1909.64,1905.59,1.00
,,585,1,0.53,62.91,62.38,117.75,1316.38,1321.00,1.00,1859.90,1869.22,1.01
,,586,1,36.20,62.78,26.58,1.73,1360.97,2614.56,1.92,1908.23,1933.12,1.01
,,587,1,2.18,63.89,61.71,29.29,1386.53,1727.90,1.25,2531.69,2589.14,1.02
,,588,1,36.20,68.83,32.64,1.90,173.10,242.79,1.40,4769.00,4779.73,1.00
,,589,1,58.10,59.08,0.98,1.02,264.02,414.39,1.57,6389.19,6374.17,1.00
,,590,1,0.53,59.97,59.44,112.25,2164.50,3878.63,1.79,1856.14,1850.34,1.00
,Failed,591,1,36.02,36.02,0.00,1.00,1484.00,1460.37,0.98,1881.61,1820.14,0.97
,Normal,592,-,37.13,37.13,0.00,1.00,1466.05,1510.32,1.03,1912.03,1927.08,1.01
,,593,-,36.15,36.15,0.00,1.00,1400.59,1471.97,1.05,1901.38,1930.53,1.02
,,594,-,36.20,36.20,0.00,1.00,1373.89,1425.19,1.04,1920.26,1930.46,1.01
,,595,-,37.40,37.40,0.00,1.00,1386.90,1415.36,1.02,1881.37,1958.51,1.04
,,596,-,61.93,61.93,0.00,1.00,921.44,951.05,1.03,2517.41,2564.15,1.02
,,597,-,36.20,36.20,0.00,1.00,1394.71,1427.77,1.02,2533.41,2573.95,1.02
,,598,-,53.61,53.61,0.00,1.00,1211.59,1251.45,1.03,1870.91,1824.38,0.98
,,599,-,38.51,38.51,0.00,1.00,1222.95,1227.37,1.00,1866.66,1855.98,0.99
,,600,-,37.58,37.58,0.00,1.00,1287.89,1309.50,1.02,1864.09,1905.27,1.02
,,601,-,36.38,36.38,0.00,1.00,1289.18,1315.98,1.02,2269.79,2330.24,1.03
,,602,-,36.20,36.20,0.00,1.00,1286.53,1303.37,1.01,2275.48,2321.40,1.02
,,603,-,36.20,36.20,0.00,1.00,642.46,652.94,1.02,2312.98,2358.59,1.02
,,604,-,36.20,36.20,0.00,1.00,1281.07,1309.43,1.02,2342.07,2345.83,1.00
,,605,-,63.58,63.58,0.00,1.00,844.76,858.07,1.02,2404.11,2468.91,1.03
,,606,-,36.20,36.20,0.00,1.00,1287.27,1310.36,1.02,2419.39,2484.41,1.03
,,607,-,54.81,54.81,0.00,1.00,864.39,880.79,1.02,2413.82,2485.10,1.03
,,608,-,54.54,54.54,0.00,1.00,3194.52,3268.44,1.02,2450.41,2492.22,1.02
,,609,-,61.00,61.00,0.00,1.00,851.92,860.75,1.01,2419.42,2519.05,1.04
,,610,-,37.04,37.04,0.00,1.00,1272.80,1282.20,1.01,2462.27,2492.13,1.01
,,611,-,36.78,36.78,0.00,1.00,1276.22,1291.40,1.01,2535.04,2576.85,1.02
,,612,-,36.20,36.20,0.00,1.00,1273.74,1296.25,1.02,2534.40,2578.86,1.02
,,613,-,37.53,37.53,0.00,1.00,1273.06,1311.71,1.03,2541.17,2588.12,1.02
,,614,-,57.66,57.66,0.00,1.00,856.17,891.60,1.04,2543.20,2582.12,1.02
,,615,-,69.32,69.32,0.00,1.00,1274.19,1305.56,1.02,2535.17,2579.12,1.02
,,616,-,61.98,61.98,0.00,1.00,851.79,873.68,1.03,2540.88,2585.83,1.02
,,617,-,40.34,40.34,0.00,1.00,1285.83,1305.62,1.02,2545.73,2588.92,1.02
,,618,-,36.11,36.11,0.00,1.00,1291.03,1314.01,1.02,2544.73,2587.93,1.02
,,619,-,63.36,63.36,0.00,1.00,863.19,888.51,1.03,2544.48,2587.93,1.02
,,620,-,36.20,36.20,0.00,1.00,1277.39,1306.29,1.02,2556.80,2622.68,1.03
,,621,-,62.11,62.11,0.00,1.00,869.84,892.35,1.03,2553.23,2592.18,1.02
,,622,-,59.35,59.35,0.00,1.00,903.64,908.03,1.00,1911.99,1931.40,1.01
,,623,-,72.26,72.26,0.00,1.00,1347.72,1361.92,1.01,1930.54,1964.54,1.02
,,624,-,67.81,67.81,0.00,1.00,177.49,177.49,1.00,4406.20,4406.20,1.00
,,625,-,65.72,65.72,0.00,1.00,313.18,313.18,1.00,4455.47,4455.47,1.00
,,626,-,66.21,66.21,0.00,1.00,91.03,91.03,1.00,4821.50,4821.50,1.00
,,627,-,68.70,68.70,0.00,1.00,320.43,320.43,1.00,6509.14,6509.14,1.00
,,628,-,68.92,68.92,0.00,1.00,178.58,178.58,1.00,6365.17,6365.17,1.00
,,629,-,65.94,65.94,0.00,1.00,91.59,91.59,1.00,6371.58,6371.58,1.00
,,630,-,68.21,68.21,0.00,1.00,178.80,178.80,1.00,6395.92,6395.92,1.00
,,631,-,66.61,66.61,0.00,1.00,267.29,267.29,1.00,6395.66,6395.66,1.00
,,632,-,60.33,60.33,0.00,1.00,312.67,312.67,1.00,6370.23,6370.23,1.00
IMDB,Repaired,633,1,50.00,86.11,36.11,1.72,3703.41,9246.12,2.50,2057.98,1854.65,0.90
,,634,1,85.32,86.45,1.13,1.01,633.86,978.21,1.54,4824.08,4818.76,1.00
,,635,1,84.70,86.85,2.15,1.03,635.50,995.24,1.57,7200.23,7274.02,1.01
,,636,1,85.02,85.32,0.31,1.00,1027.69,2345.60,2.28,2184.90,2350.32,1.08
,,637,1,85.40,86.71,1.31,1.02,1328.85,2053.96,1.55,6945.68,6955.43,1.00
,,638,1,49.38,75.49,26.11,1.53,2057.35,5177.83,2.52,2239.75,2272.59,1.01
,,639,1,85.51,83.64,-1.87,0.98,1446.27,2060.99,1.43,2264.55,2348.56,1.04
,,640,1,0.00,84.26,84.26,n.a.,8088.73,13165.97,1.63,2103.47,2095.94,1.00
,,641,1,85.81,86.82,1.01,1.01,641.24,990.92,1.55,4029.30,4514.27,1.12
,,642,1,82.81,85.82,3.01,1.04,627.12,977.84,1.56,4943.32,5251.46,1.06
,,643,1,48.75,87.34,38.58,1.79,2072.34,5676.53,2.74,2249.64,2338.01,1.04
,,644,1,48.61,84.85,36.24,1.75,388.37,3408.60,8.78,2212.64,2060.66,0.93
,,645,1,50.00,85.12,35.12,1.70,401.44,3279.04,8.17,2137.70,2283.11,1.07
,,646,1,49.42,50.00,0.58,1.01,2097.56,3675.46,1.75,2208.29,2311.86,1.05
,,647,1,50.00,86.86,36.86,1.74,630.15,974.70,1.55,5759.86,5763.81,1.00
,,648,1,50.00,86.04,36.04,1.72,6245.19,10496.69,1.68,2096.21,2090.27,1.00
,,649,1,85.20,87.31,2.11,1.02,630.89,860.00,1.36,4739.08,4681.58,0.99
,,650,1,51.01,86.40,35.39,1.69,631.81,993.47,1.57,4742.54,4748.82,1.00
,,651,1,0.00,86.26,86.26,n.a.,3956.88,8405.15,2.12,1996.23,2069.35,1.04
,,652,1,48.61,86.20,37.60,1.77,678.30,5789.11,8.53,2252.93,2256.41,1.00
,,653,1,0.00,85.93,85.93,n.a.,6592.55,12251.46,1.86,1999.56,2069.87,1.04
,,654,1,85.57,84.38,-1.20,0.99,1413.13,2069.60,1.46,2253.21,2343.60,1.04
,,655,1,49.78,86.68,36.90,1.74,1306.62,5478.55,4.19,2138.05,2317.73,1.08
,,656,1,50.00,86.65,36.65,1.73,5260.16,9258.80,1.76,2011.11,2093.58,1.04
,,657,1,0.00,86.20,86.20,n.a.,5301.10,10134.72,1.91,1997.91,2098.50,1.05
,,658,1,50.00,86.50,36.50,1.73,5303.07,8326.77,1.57,2099.40,2096.47,1.00
,,659,1,82.04,80.96,-1.08,0.99,2078.05,5961.56,2.87,2251.86,2285.11,1.01
,,660,1,49.33,86.03,36.70,1.74,670.69,6925.99,10.33,2256.18,2342.93,1.04
,,661,2,50.05,86.00,35.96,1.72,1293.04,3758.26,2.91,4870.86,5074.86,1.04
,,662,1,50.00,86.48,36.48,1.73,2062.75,5250.20,2.55,2221.71,2092.39,0.94
,,663,1,51.22,75.39,24.16,1.47,656.49,6127.97,9.33,2255.45,2343.76,1.04
,,664,1,49.12,85.22,36.10,1.73,1069.43,1307.58,1.22,2258.64,2345.51,1.04
,,665,1,50.00,86.84,36.84,1.74,3915.45,7798.38,1.99,2097.29,2064.87,0.98
,,666,1,0.00,87.08,87.08,n.a.,3982.20,8876.97,2.23,1998.46,2069.23,1.04
,,667,1,51.68,87.23,35.55,1.69,635.00,860.87,1.36,4071.04,4448.99,1.09
,Failed,668,1,0.00,0.00,0.00,n.a.,130.46,2257.56,17.30,2261.88,2348.53,1.04
,,669,1,50.00,50.00,0.00,1.00,1062.77,1480.36,1.39,2182.29,2349.58,1.08
,,670,1,0.00,0.00,0.00,n.a.,2089.21,1451.98,0.69,2184.26,2044.23,0.94
,Normal,671,-,87.38,87.38,0.00,1.00,1951.87,1984.37,1.02,2260.38,2347.84,1.04
,,672,-,83.14,83.14,0.00,1.00,2022.07,2036.58,1.01,2191.92,2088.60,0.95
,,673,-,86.87,86.87,0.00,1.00,2035.08,2050.14,1.01,2238.83,2260.66,1.01
,,674,-,87.52,87.52,0.00,1.00,2021.87,2059.31,1.02,2260.22,2343.19,1.04
,,675,-,88.73,88.73,0.00,1.00,2084.04,2104.76,1.01,2285.48,2316.48,1.01
,,676,-,86.79,86.79,0.00,1.00,2210.40,2107.84,0.95,2272.63,2362.69,1.04
,,677,-,73.77,73.77,0.00,1.00,1549.80,1570.35,1.01,2272.40,2359.53,1.04
,,678,-,74.57,74.57,0.00,1.00,1055.20,1097.91,1.04,2257.80,2344.64,1.04
,,679,-,85.53,85.53,0.00,1.00,994.94,1012.93,1.02,2240.48,2273.93,1.01
,,680,-,82.50,82.50,0.00,1.00,2040.24,2066.87,1.01,2235.98,2270.60,1.02
,,681,-,87.43,87.43,0.00,1.00,1992.50,2037.83,1.02,2205.86,2315.84,1.05
,,682,-,88.36,88.36,0.00,1.00,1912.43,1932.25,1.01,2093.07,2180.20,1.04
,,683,-,86.47,86.47,0.00,1.00,1904.57,1919.57,1.01,2099.38,2187.63,1.04
,,684,-,84.70,84.70,0.00,1.00,1074.89,1086.73,1.01,4724.26,4862.92,1.03
,,685,-,85.92,85.92,0.00,1.00,1073.17,1075.45,1.00,4915.74,4948.49,1.01
,,686,-,83.87,83.87,0.00,1.00,629.07,633.47,1.01,4946.31,4894.75,0.99
,,687,-,50.00,50.00,0.00,1.00,1314.52,1311.77,1.00,4557.62,4735.73,1.04
,,688,-,84.69,84.69,0.00,1.00,644.45,647.69,1.01,4887.50,4905.38,1.00
,,689,-,84.78,84.78,0.00,1.00,860.22,866.17,1.01,4939.20,5021.06,1.02
,,690,-,82.01,82.01,0.00,1.00,539.07,540.93,1.00,3920.01,4294.26,1.10
,,691,-,50.24,50.24,0.00,1.00,851.21,847.94,1.00,4542.40,4630.58,1.02
,,692,-,85.29,85.29,0.00,1.00,632.23,632.23,1.00,4707.04,4707.04,1.00
,,693,-,85.59,85.59,0.00,1.00,543.36,543.36,1.00,4879.15,4879.15,1.00
,,694,-,50.00,50.00,0.00,1.00,317.52,319.83,1.01,4903.10,4908.60,1.00
,,695,-,50.00,50.00,0.00,1.00,873.03,876.54,1.00,5280.17,5423.83,1.03
,,696,-,79.84,79.84,0.00,1.00,625.16,633.57,1.01,5414.70,5423.55,1.00
,,697,-,56.64,56.64,0.00,1.00,629.10,632.44,1.01,5431.77,5401.77,0.99
,,698,-,85.57,85.57,0.00,1.00,564.19,564.19,1.00,5434.78,5434.78,1.00
,,699,-,85.36,85.36,0.00,1.00,628.24,632.63,1.01,5728.14,5759.39,1.01
,,700,-,79.92,79.92,0.00,1.00,316.90,316.27,1.00,5760.29,5759.34,1.00
,,701,-,84.48,84.48,0.00,1.00,316.44,316.44,1.00,5763.24,5763.24,1.00
